{"cameraMode":{"drawMode":0,"name":"Shaded","section":"Shading Mode"},"sceneLighting":true,"audioPlay":false,"sceneViewState":{"showFog":true,"showMaterialUpdate":false,"showSkybox":true,"showFlares":true,"showImageEffects":true,"showParticleSystems":true},"in2DMode":false,"pivot":{"x":-1.0298314094543458,"y":0.637946367263794,"z":-8.116020202636719},"rotation":{"x":-0.008255519904196263,"y":-0.9917214512825012,"z":0.09399766474962235,"w":-0.08709953725337982},"size":7.304047107696533,"orthographic":false}